{
  "ridge_delta_lc_val": {
    "mae": 0.1256257409069057,
    "rmse": 0.23196556486561162
  },
  "ridge_delta_log_gen_val": {
    "mae": 0.0734684656283087,
    "rmse": 0.1292247266648118
  },
  "rf_delta_lc_val": {
    "mae": 1.454182109220077,
    "rmse": 2.7353072696733007
  },
  "rf_delta_log_gen_val": {
    "mae": 0.06704558624432741,
    "rmse": 0.11785015216910515
  },
  "xgb_delta_lc_val": {
    "mae": 0.8322988565259932,
    "rmse": 1.5692489756970296
  },
  "xgb_delta_log_gen_val": {
    "mae": 0.06713239217595186,
    "rmse": 0.11047524671884187
  },
  "rf_delta_lc_test": {
    "mae": 1.5918009300519316,
    "rmse": 3.1152031968678267
  },
  "rf_delta_log_gen_test": {
    "mae": 0.06653890155557715,
    "rmse": 0.10029042148090522
  },
  "xgb_delta_lc_test": {
    "mae": 1.1669926938337085,
    "rmse": 3.1722383473185056
  },
  "xgb_delta_log_gen_test": {
    "mae": 0.07626426466226398,
    "rmse": 0.11114358979412949
  }
}